Index,First Name,Last Name,Gender,Phone Number,Country
1,Charlie,Garcia,Male,+30-855-8901,Australia
2,Bob,Brown,Female,+11-843-3416,Germany
3,Eva,Garcia,Female,+74-918-4232,France
4,Alice,Taylor,Male,+57-571-8190,India
5,Charlie,Williams,Male,+9-579-1701,Australia
6,Bob,Taylor,Female,+40-278-4394,UK
7,Alice,Jones,Male,+25-416-6326,India
8,Charlie,Williams,Male,+38-442-1993,Brazil
9,Eva,Jones,Male,+6-241-4938,Canada
10,Alice,Brown,Female,+68-374-1576,Brazil
11,Alice,Miller,Female,+95-802-2218,Australia
12,David,Brown,Male,+6-525-3751,Brazil
13,Frank,Davis,Male,+28-496-6501,Australia
14,Grace,Taylor,Female,+93-253-2271,UK
15,Charlie,Williams,Male,+38-180-4820,China
16,Bob,Brown,Male,+5-457-7213,UK
17,Hank,Williams,Male,+77-916-2535,France
18,Grace,Williams,Female,+46-168-1456,China
19,Charlie,Martinez,Male,+80-484-1602,France
20,Eva,Johnson,Female,+85-615-9774,China
21,John,Davis,Female,+40-814-7717,USA
22,Hank,Taylor,Male,+52-163-1414,UK
23,Alice,Jones,Male,+5-128-2291,Australia
24,Hank,Jones,Female,+39-595-9213,China
25,Jane,Williams,Female,+48-907-6723,Brazil
26,Hank,Jones,Female,+36-158-7538,Germany
27,Hank,Williams,Male,+48-971-8426,Canada
28,Charlie,Garcia,Male,+33-147-6589,France
29,David,Jones,Female,+12-270-1184,Canada
30,Alice,Brown,Female,+99-710-6361,UK
31,Alice,Garcia,Female,+31-200-1944,India
32,Frank,Jones,Male,+83-763-1446,India
33,Jane,Martinez,Male,+5-300-6715,Germany
34,Frank,Brown,Male,+12-827-3743,Germany
35,Eva,Williams,Male,+83-861-5694,Canada
36,Jane,Taylor,Female,+30-560-9488,Japan
37,Alice,Smith,Female,+83-330-4197,India
38,Hank,Smith,Male,+38-438-3551,France
39,John,Taylor,Male,+29-374-3198,Germany
40,Eva,Martinez,Male,+11-333-1980,Australia
41,Bob,Garcia,Male,+84-854-5558,USA
42,Frank,Garcia,Male,+14-884-6204,China
43,Frank,Miller,Female,+25-351-5574,Brazil
44,David,Garcia,Male,+62-733-2144,USA
45,Eva,Brown,Male,+62-193-1595,China
46,Jane,Williams,Female,+25-793-9005,France
47,Grace,Brown,Female,+52-883-8816,Brazil
48,Eva,Martinez,Female,+6-806-7065,Germany
49,Grace,Brown,Female,+94-572-2746,China
50,David,Johnson,Female,+59-106-9598,Germany
51,Jane,Brown,Female,+12-553-1682,India
52,Jane,Davis,Female,+33-142-4844,Canada
53,Charlie,Miller,Female,+42-423-5495,France
54,David,Johnson,Male,+71-900-2356,Australia
55,Alice,Williams,Male,+2-857-9738,Germany
56,Eva,Martinez,Male,+82-552-3208,India
57,David,Miller,Male,+16-149-7734,UK
58,John,Jones,Male,+68-357-6982,Germany
59,Frank,Johnson,Male,+18-124-1256,India
60,Charlie,Garcia,Male,+96-929-4599,Canada
61,John,Jones,Male,+51-998-5929,USA
62,Alice,Jones,Male,+81-298-5528,Brazil
63,Grace,Martinez,Male,+10-187-1316,France
64,David,Smith,Male,+67-204-6489,UK
65,Alice,Jones,Male,+11-765-1250,Canada
66,Bob,Smith,Male,+30-555-9240,Australia
67,Eva,Jones,Female,+32-597-1768,UK
68,Jane,Miller,Male,+23-178-7380,Australia
69,Bob,Williams,Female,+14-421-7929,USA
70,Jane,Miller,Female,+97-281-9195,France
